{
  "degree": {
    "aceite": 0.7000000000000001,
    "huevo": 0.15000000000000002,
    "cebolla": 0.45,
    "harina": 0.25,
    "ajo": 0.6000000000000001,
    "pan": 0.2,
    "agua": 0.2,
    "sal": 0.5,
    "pimentón": 0.1,
    "pimienta": 0.15000000000000002,
    "pimiento": 0.2,
    "tomate": 0.05,
    "cerdo": 0.35000000000000003,
    "leche": 0.4,
    "azúcar": 0.30000000000000004,
    "jamón": 0.15000000000000002,
    "chorizo": 0.1,
    "perejil": 0.1,
    "mantequilla": 0.1,
    "pollo": 0.15000000000000002,
    "canela": 0.1
  },
  "betweenness": {
    "aceite": 0.32663742690058484,
    "huevo": 0.0,
    "cebolla": 0.10336257309941523,
    "harina": 0.01564327485380117,
    "ajo": 0.21846491228070172,
    "pan": 0.013523391812865498,
    "agua": 0.0017105263157894738,
    "sal": 0.15489766081871342,
    "pimentón": 0.0,
    "pimienta": 0.0,
    "pimiento": 0.0,
    "tomate": 0.0,
    "cerdo": 0.058172514619883035,
    "leche": 0.09445906432748538,
    "azúcar": 0.044269005847953215,
    "jamón": 0.005701754385964912,
    "chorizo": 0.0,
    "perejil": 0.0,
    "mantequilla": 0.0,
    "pollo": 0.0,
    "canela": 0.0
  },
  "closeness": {
    "aceite": 0.7692307692307693,
    "huevo": 0.4878048780487805,
    "cebolla": 0.6060606060606061,
    "harina": 0.5555555555555556,
    "ajo": 0.6896551724137931,
    "pan": 0.5555555555555556,
    "agua": 0.5405405405405406,
    "sal": 0.6666666666666666,
    "pimentón": 0.4878048780487805,
    "pimienta": 0.5128205128205128,
    "pimiento": 0.5263157894736842,
    "tomate": 0.4444444444444444,
    "cerdo": 0.5882352941176471,
    "leche": 0.5714285714285714,
    "azúcar": 0.5405405405405406,
    "jamón": 0.45454545454545453,
    "chorizo": 0.425531914893617,
    "perejil": 0.4166666666666667,
    "mantequilla": 0.4444444444444444,
    "pollo": 0.5,
    "canela": 0.37735849056603776
  }
}